-- MySQL dump 10.13  Distrib 8.0.20, for Win64 (x86_64)
--
-- Host: localhost    Database: dt_stopcovid
-- ------------------------------------------------------
-- Server version	5.7.30-log

/*!40101 SET @OLD_CHARACTER_SET_CLIENT=@@CHARACTER_SET_CLIENT */;
/*!40101 SET @OLD_CHARACTER_SET_RESULTS=@@CHARACTER_SET_RESULTS */;
/*!40101 SET @OLD_COLLATION_CONNECTION=@@COLLATION_CONNECTION */;
/*!50503 SET NAMES utf8 */;
/*!40103 SET @OLD_TIME_ZONE=@@TIME_ZONE */;
/*!40103 SET TIME_ZONE='+00:00' */;
/*!40014 SET @OLD_UNIQUE_CHECKS=@@UNIQUE_CHECKS, UNIQUE_CHECKS=0 */;
/*!40014 SET @OLD_FOREIGN_KEY_CHECKS=@@FOREIGN_KEY_CHECKS, FOREIGN_KEY_CHECKS=0 */;
/*!40101 SET @OLD_SQL_MODE=@@SQL_MODE, SQL_MODE='NO_AUTO_VALUE_ON_ZERO' */;
/*!40111 SET @OLD_SQL_NOTES=@@SQL_NOTES, SQL_NOTES=0 */;

--
-- Table structure for table `tb_acompanhamento`
--

DROP TABLE IF EXISTS `tb_acompanhamento`;
/*!40101 SET @saved_cs_client     = @@character_set_client */;
/*!50503 SET character_set_client = utf8mb4 */;
CREATE TABLE `tb_acompanhamento` (
  `id_usuario` varchar(10) DEFAULT NULL,
  `id_sintoma` varchar(100) DEFAULT NULL,
  `dt_consulta` datetime DEFAULT CURRENT_TIMESTAMP
) ENGINE=InnoDB DEFAULT CHARSET=latin1;
/*!40101 SET character_set_client = @saved_cs_client */;

--
-- Dumping data for table `tb_acompanhamento`
--

LOCK TABLES `tb_acompanhamento` WRITE;
/*!40000 ALTER TABLE `tb_acompanhamento` DISABLE KEYS */;
INSERT INTO `tb_acompanhamento` VALUES ('10000','1,5,6,7,3','2020-07-07 16:43:40'),('10100','1,5,3','2020-07-07 16:44:35'),('10101','1,5,3,4','2020-07-07 17:18:49'),('10101','1,5','2020-07-07 17:19:04'),('10100','1','2020-07-07 17:19:09');
/*!40000 ALTER TABLE `tb_acompanhamento` ENABLE KEYS */;
UNLOCK TABLES;

--
-- Table structure for table `tb_empresa`
--

DROP TABLE IF EXISTS `tb_empresa`;
/*!40101 SET @saved_cs_client     = @@character_set_client */;
/*!50503 SET character_set_client = utf8mb4 */;
CREATE TABLE `tb_empresa` (
  `id_emp` int(10) NOT NULL AUTO_INCREMENT,
  `ds_email` varchar(255) DEFAULT NULL,
  `ds_senha` varchar(100) NOT NULL,
  `ds_nome` varchar(255) NOT NULL,
  `ds_cnpj` varchar(14) DEFAULT NULL,
  `dt_cadastro` datetime DEFAULT CURRENT_TIMESTAMP,
  `ds_telefone` varchar(14) NOT NULL,
  PRIMARY KEY (`id_emp`)
) ENGINE=InnoDB AUTO_INCREMENT=10100 DEFAULT CHARSET=latin1;
/*!40101 SET character_set_client = @saved_cs_client */;

--
-- Dumping data for table `tb_empresa`
--

LOCK TABLES `tb_empresa` WRITE;
/*!40000 ALTER TABLE `tb_empresa` DISABLE KEYS */;
INSERT INTO `tb_empresa` VALUES (10000,'pellentesque.eget@Nunc.edu','MNS77SQF7MO','Consectetuer Ipsum Nunc LLC','67806416999','2020-07-07 16:24:52','(692) 211-8470'),(10001,'mattis.Integer.eu@atlacus.ca','OON43ADH5BX','Est Congue Corporation','52298289299','2020-07-07 16:24:52','(204) 612-4460'),(10002,'erat.vel.pede@Craseutellus.net','CHX53GPI3PL','Quisque Varius Foundation','34921708699','2020-07-07 16:24:52','(183) 834-8886'),(10003,'a.dui.Cras@sodales.org','UYV29KSJ1XP','Faucibus Leo Company','67390845399','2020-07-07 16:24:52','(950) 972-8796'),(10004,'Class.aptent@enim.com','QHI73XQS4WA','Erat Neque LLP','06739045299','2020-07-07 16:24:52','(476) 695-0340'),(10005,'nibh.lacinia.orci@estac.co.uk','PHR47ZTQ2KQ','Aliquam Gravida Incorporated','90761422799','2020-07-07 16:24:52','(666) 331-6979'),(10006,'mus.Proin@vitaevelitegestas.ca','RQO64VVH6TE','Sodales Mauris Blandit PC','85829343399','2020-07-07 16:24:52','(697) 359-3656'),(10007,'elementum@velarcuCurabitur.org','HQG99RAO5GL','Mauris Corporation','12802496899','2020-07-07 16:24:52','(260) 737-0294'),(10008,'sed@imperdietnec.ca','ACI28HWE5EL','Aliquet Metus Urna Foundation','65430524399','2020-07-07 16:24:52','(458) 168-0087'),(10009,'risus.Nunc.ac@Pellentesqueultriciesdignissim.co.uk','FOH07UTZ8HJ','Parturient Montes LLC','51978559199','2020-07-07 16:24:52','(525) 407-3427'),(10010,'nostra.per.inceptos@Nunc.com','FNV64FVU5AO','Netus Associates','30671097699','2020-07-07 16:24:52','(501) 726-5419'),(10011,'vitae.erat@sit.org','FFU99GAX8BQ','Tempor Augue Ac Limited','46715606399','2020-07-07 16:24:52','(608) 819-4447'),(10012,'ligula.eu.enim@egestas.co.uk','KQC09DJZ6QB','Amet Consectetuer Adipiscing PC','16957643899','2020-07-07 16:24:52','(683) 862-6149'),(10013,'ligula.eu.enim@mauriserat.com','FQI37FUA7SZ','Ut Lacus Inc.','43477476099','2020-07-07 16:24:52','(645) 444-2169'),(10014,'tellus.sem.mollis@dictumplacerat.edu','UKQ85IQZ9BX','Tellus Associates','34757572599','2020-07-07 16:24:52','(955) 178-8747'),(10015,'dictum@nequeMorbi.co.uk','IMS65YHT4MK','Ultrices Sit Associates','28873905499','2020-07-07 16:24:52','(556) 151-3776'),(10016,'nisi@pedeet.org','DFB21TKG9AD','Vitae Aliquam Eros Inc.','85600744199','2020-07-07 16:24:52','(881) 315-3033'),(10017,'a.mi@temporarcu.ca','YKE72HDM9IA','Eu Euismod Ltd','06342041799','2020-07-07 16:24:52','(494) 943-7749'),(10018,'faucibus.leo.in@consectetuer.com','SDM19FKB4OJ','Dictum Proin Eget Consulting','51983274099','2020-07-07 16:24:52','(831) 906-8142'),(10019,'mauris.sagittis@arcuSedeu.com','MGO20LJG9ZM','Vivamus Molestie Incorporated','76812406099','2020-07-07 16:24:52','(207) 103-4702'),(10020,'egestas.hendrerit.neque@eu.com','SWU79WUT4QJ','Egestas Ligula Foundation','69963067299','2020-07-07 16:24:52','(738) 966-1141'),(10021,'justo.Proin@nislarcu.org','BFX32YKW3AP','Cras Eu Industries','77831951499','2020-07-07 16:24:52','(125) 634-7623'),(10022,'lorem.vehicula@intempuseu.ca','NZO74JOQ3FW','Risus Varius LLP','72384783899','2020-07-07 16:24:52','(521) 124-5502'),(10023,'risus.odio.auctor@volutpatornarefacilisis.net','PRI72VHU4QD','Consectetuer Euismod Institute','45292923599','2020-07-07 16:24:52','(425) 285-5421'),(10024,'Maecenas@Aeneaneget.org','CJG23QMK1OE','Orci Luctus Corporation','36697783299','2020-07-07 16:24:52','(972) 212-0039'),(10025,'cursus.purus@augueporttitorinterdum.com','YQB64YYK2CL','Mauris Rhoncus LLP','80776983699','2020-07-07 16:24:52','(959) 950-8200'),(10026,'diam.vel.arcu@antedictummi.edu','LBA92RFG0CK','Feugiat LLC','26562906699','2020-07-07 16:24:52','(475) 475-9531'),(10027,'enim.Etiam.gravida@ornareFusce.com','IGQ59SFI7CY','Eu Erat Foundation','11960346299','2020-07-07 16:24:52','(576) 380-7552'),(10028,'luctus@musAenean.ca','VVH51BMY6ZO','Auctor Consulting','76936612199','2020-07-07 16:24:52','(358) 135-3745'),(10029,'sapien.cursus@ultriciessem.com','QPC90KFQ1TC','Sodales Nisi Magna Associates','61296549099','2020-07-07 16:24:52','(731) 695-2082'),(10030,'magna.tellus@etipsum.net','FRN29CHH8ZQ','A Sollicitudin Orci Consulting','65642146999','2020-07-07 16:24:52','(418) 395-3279'),(10031,'euismod@anteiaculisnec.com','PFB59HLN2ZU','Orci Company','76699661599','2020-07-07 16:24:52','(712) 620-4741'),(10032,'scelerisque.dui@orciPhasellusdapibus.co.uk','ZCI76WRN8SQ','Quisque Tincidunt Associates','60516920899','2020-07-07 16:24:52','(939) 671-2175'),(10033,'eget.metus@ipsumportaelit.com','YWU02VUC2RU','Ut Erat Industries','39388810599','2020-07-07 16:24:52','(351) 141-2826'),(10034,'Nulla.tincidunt.neque@acfeugiatnon.co.uk','SJI09YYV0ZR','Ac Mattis Semper Consulting','86805940899','2020-07-07 16:24:52','(950) 726-0414'),(10035,'metus.vitae.velit@Suspendisse.net','JQV24LHZ3MO','Id Erat LLP','46856542099','2020-07-07 16:24:52','(214) 510-3074'),(10036,'velit.justo.nec@ipsum.com','MBA38FCB7ZI','Molestie Sed Limited','37696165499','2020-07-07 16:24:52','(270) 619-4209'),(10037,'metus.Aliquam@Phasellus.com','NRN09UEC4SY','Malesuada Company','12481925399','2020-07-07 16:24:52','(813) 186-7120'),(10038,'neque.Nullam@ullamcorper.edu','UQR16WDB6XP','Iaculis Aliquet Diam LLP','90270323099','2020-07-07 16:24:52','(156) 595-6954'),(10039,'accumsan.sed.facilisis@molestie.co.uk','CML71YTK1NA','Turpis Corporation','57443521799','2020-07-07 16:24:52','(333) 133-9513'),(10040,'cursus.et.eros@consectetuer.net','FHV61HZA6MK','Ridiculus Industries','13431629299','2020-07-07 16:24:52','(314) 546-0334'),(10041,'nibh.sit@posuereenim.ca','DYA70QCS2BZ','Pellentesque Ut LLC','17251717899','2020-07-07 16:24:52','(370) 632-1953'),(10042,'a@estNunc.com','VBL93LMB9EI','Mollis Dui In Institute','91375745199','2020-07-07 16:24:52','(783) 713-9189'),(10043,'egestas.a.scelerisque@Suspendisse.co.uk','HFK92FRJ3UI','At LLP','59604476599','2020-07-07 16:24:52','(734) 454-2680'),(10044,'risus@afelis.co.uk','SEW21VCK5HF','Augue Institute','87746633599','2020-07-07 16:24:52','(106) 243-0643'),(10045,'convallis.est@leoVivamusnibh.ca','YJH60LHP2PV','Est Mauris PC','84454843599','2020-07-07 16:24:52','(191) 189-8096'),(10046,'tincidunt@ullamcorpervelitin.ca','SFB51MXL6IV','Et Eros Incorporated','99604250899','2020-07-07 16:24:52','(246) 369-7091'),(10047,'dictum@ornareelit.ca','AQU24NTT0JU','Accumsan Interdum Libero Associates','85435763599','2020-07-07 16:24:52','(505) 251-0647'),(10048,'iaculis.nec@utpharetrased.edu','FHQ89YRJ5QN','Aliquam Ornare Associates','94691088299','2020-07-07 16:24:52','(746) 370-3122'),(10049,'Proin.velit@euismodurna.edu','LSV85EBO9FN','Donec Tempus Lorem Institute','93705892799','2020-07-07 16:24:52','(683) 960-3779'),(10050,'euismod.enim.Etiam@ligulaeuenim.co.uk','FUT56OIZ7MV','Et Risus Quisque Foundation','87903600099','2020-07-07 16:24:52','(684) 915-4810'),(10051,'primis.in@Aliquam.edu','UCW99WTA8EN','Dis Parturient PC','44863824499','2020-07-07 16:24:52','(754) 617-2410'),(10052,'sed.sapien@Integermollis.org','WZQ87MLE2SO','In Tincidunt Congue Incorporated','77668696199','2020-07-07 16:24:52','(399) 103-2752'),(10053,'Cum@nuncsedpede.ca','USI23RYU0MA','Eu Lacus Institute','65276913799','2020-07-07 16:24:52','(315) 351-7911'),(10054,'Nullam@magna.net','LQM81UXY9CC','In Corporation','47693641399','2020-07-07 16:24:52','(925) 764-1742'),(10055,'Morbi.metus@anteipsumprimis.edu','ASO05ZSZ1OR','Netus Industries','81623603499','2020-07-07 16:24:52','(280) 711-1110'),(10056,'Nulla.facilisi@ipsumsodales.ca','VUK51TUG9HY','Neque Sed Institute','28737721499','2020-07-07 16:24:52','(651) 912-1904'),(10057,'commodo.auctor@lobortisrisus.com','KNR95QUH7SY','Bibendum Fermentum Corp.','99868477999','2020-07-07 16:24:52','(396) 838-8387'),(10058,'Donec@aliquetdiamSed.org','VGE55JVH9XT','Sapien Nunc Pulvinar Consulting','06684555899','2020-07-07 16:24:52','(597) 449-2730'),(10059,'erat.eget@commodo.edu','BYN87YGQ4TZ','Egestas Consulting','90242727999','2020-07-07 16:24:52','(850) 426-5962'),(10060,'non.massa.non@sollicitudincommodoipsum.co.uk','ROF73PJC4ZH','Adipiscing Enim Corp.','98630280799','2020-07-07 16:24:52','(741) 539-1879'),(10061,'nibh@natoquepenatibus.co.uk','JHB72PUV2BD','Vel Corp.','86917404799','2020-07-07 16:24:52','(431) 326-4445'),(10062,'ipsum.ac@Duis.org','TUX54DGB2CF','Erat Volutpat Ltd','63325789399','2020-07-07 16:24:52','(402) 745-0085'),(10063,'Mauris@NullamnislMaecenas.org','WSE21MFL5PC','Feugiat Non Foundation','56332729599','2020-07-07 16:24:52','(345) 260-5186'),(10064,'dolor.elit@In.ca','PJD48CFE0ZG','Donec Elementum Lorem Ltd','79997996799','2020-07-07 16:24:52','(453) 309-6094'),(10065,'ante@metusurna.edu','VUW73HIY5PB','Laoreet Libero Et LLP','07282806299','2020-07-07 16:24:52','(648) 134-0588'),(10066,'felis@Integertincidunt.edu','RPA16HAW1CT','Lorem Donec Elementum Ltd','70923058699','2020-07-07 16:24:52','(643) 682-3849'),(10067,'tincidunt.nibh.Phasellus@convallisincursus.net','RNT38IPD9OQ','Ligula Aliquam Erat Institute','72913806699','2020-07-07 16:24:52','(293) 484-1626'),(10068,'arcu.Vestibulum.ante@mi.edu','QPT51YPC6TY','Sit LLP','43519822799','2020-07-07 16:24:52','(375) 314-8119'),(10069,'Aenean.massa@tellusNunclectus.com','YVZ11PBF6ZC','Rutrum Eu Corporation','86633559999','2020-07-07 16:24:52','(224) 916-7146'),(10070,'habitant.morbi.tristique@afacilisisnon.net','IPN94ZKB7NZ','Nisi A Odio Institute','20871823199','2020-07-07 16:24:52','(464) 913-9991'),(10071,'tempor@Aliquam.net','UBR32PBW8TL','Turpis Egestas Aliquam Associates','12877039899','2020-07-07 16:24:52','(621) 917-5634'),(10072,'ac.eleifend@dolor.co.uk','ZYG83UXX1AM','Aliquam Corp.','77473206099','2020-07-07 16:24:52','(669) 844-5305'),(10073,'enim@lobortisrisus.co.uk','AHR77ETY6DF','Neque Sed Incorporated','19870219999','2020-07-07 16:24:52','(713) 589-1305'),(10074,'risus@eueleifend.co.uk','WAY39AJE7VN','Augue Sed Molestie LLP','73763656299','2020-07-07 16:24:52','(975) 990-9374'),(10075,'dui.quis.accumsan@Sednec.com','WDN99SOJ5RK','Pellentesque Ultricies Associates','83525647099','2020-07-07 16:24:52','(497) 914-1583'),(10076,'luctus.vulputate@libero.co.uk','NMZ90KYX5DR','Ut Molestie In Industries','27582697199','2020-07-07 16:24:52','(262) 669-9709'),(10077,'libero@nuncsitamet.com','GNU78DOK3AC','Posuere Corporation','32408894299','2020-07-07 16:24:52','(494) 681-9190'),(10078,'scelerisque.dui@ullamcorpernisl.com','ZRQ31ENP5FA','Erat LLC','54638798699','2020-07-07 16:24:52','(737) 211-4732'),(10079,'vel.venenatis.vel@Aenean.org','HOS74NKE7LD','Lorem Sit Amet Foundation','99535837499','2020-07-07 16:24:52','(942) 903-0254'),(10080,'enim.non@sitametrisus.org','GVC10XRU8JC','Et Malesuada Fames Limited','80998984099','2020-07-07 16:24:52','(291) 760-9957'),(10081,'odio@volutpatNulla.co.uk','PFG63COM6TG','Pharetra Sed Hendrerit Corp.','85482671199','2020-07-07 16:24:52','(958) 980-1711'),(10082,'cursus.a@sempercursusInteger.org','ROW03NGL6TU','Aliquam PC','36947956999','2020-07-07 16:24:52','(404) 400-2327'),(10083,'sem.ut.dolor@lectussitamet.net','WBK30CQG7GH','Eros Industries','01336862499','2020-07-07 16:24:52','(543) 323-6057'),(10084,'adipiscing@Sedmalesuada.com','TNG50YPU0MI','Donec Corp.','68609376499','2020-07-07 16:24:52','(582) 863-9958'),(10085,'auctor.non@magnased.ca','WVA96FTP2NY','Quisque Consulting','98496612599','2020-07-07 16:24:52','(486) 798-4919'),(10086,'turpis@tortorat.org','SHC64JQZ1UJ','Donec Foundation','63518877999','2020-07-07 16:24:52','(985) 968-7601'),(10087,'velit@tempusrisus.co.uk','UYK89OVV1PT','Vitae PC','61517758399','2020-07-07 16:24:52','(351) 801-8856'),(10088,'a.feugiat@Duisacarcu.net','JDL57ZED1OB','Ultrices Company','49522546499','2020-07-07 16:24:52','(813) 873-6608'),(10089,'feugiat@anequeNullam.com','IDV54KHT7VA','Eget Ipsum Suspendisse Company','56496463699','2020-07-07 16:24:52','(374) 273-9224'),(10090,'egestas.rhoncus@vitaesemperegestas.edu','EXT12DEU2LP','Sed Sem Corporation','65358211599','2020-07-07 16:24:52','(431) 242-3763'),(10091,'orci.Donec@consectetuer.edu','YQT81KVP4ZT','Vestibulum LLP','02661533299','2020-07-07 16:24:52','(548) 920-0386'),(10092,'id.magna@ultriciessem.net','OMD79RXG9OX','Dignissim Lacus Aliquam LLC','71209709999','2020-07-07 16:24:52','(807) 658-5051'),(10093,'fermentum.risus.at@eterosProin.org','HDU90KCS4RI','Natoque Penatibus Et Limited','91230691299','2020-07-07 16:24:52','(636) 921-5599'),(10094,'quis@elitpretiumet.org','VJV28YLF5MH','Vivamus Rhoncus Foundation','62344670899','2020-07-07 16:24:52','(630) 413-2832'),(10095,'litora@mattis.ca','MOH35FNT4MS','Morbi Accumsan Corp.','20630921299','2020-07-07 16:24:52','(471) 125-9704'),(10096,'id.magna@Duismi.ca','LXG60LPL6AV','Dui Cum Inc.','89426554299','2020-07-07 16:24:52','(224) 615-1523'),(10097,'per.inceptos@ultriciesdignissim.com','CBS37YCP4AS','Donec Company','60923545899','2020-07-07 16:24:52','(122) 417-0081'),(10098,'et.malesuada@eumetusIn.co.uk','CSX77CEV3JZ','Nulla Industries','62760031499','2020-07-07 16:24:52','(717) 547-6957'),(10099,'ac.orci@MaurismagnaDuis.com','GAA17IFO4ZZ','Ut Pharetra Sed Incorporated','64986939399','2020-07-07 16:24:52','(770) 729-9477');
/*!40000 ALTER TABLE `tb_empresa` ENABLE KEYS */;
UNLOCK TABLES;

--
-- Table structure for table `tb_sintomas`
--

DROP TABLE IF EXISTS `tb_sintomas`;
/*!40101 SET @saved_cs_client     = @@character_set_client */;
/*!50503 SET character_set_client = utf8mb4 */;
CREATE TABLE `tb_sintomas` (
  `id_sintoma` int(11) NOT NULL AUTO_INCREMENT,
  `ds_sintoma` varchar(50) DEFAULT NULL,
  PRIMARY KEY (`id_sintoma`)
) ENGINE=InnoDB AUTO_INCREMENT=13 DEFAULT CHARSET=latin1;
/*!40101 SET character_set_client = @saved_cs_client */;

--
-- Dumping data for table `tb_sintomas`
--

LOCK TABLES `tb_sintomas` WRITE;
/*!40000 ALTER TABLE `tb_sintomas` DISABLE KEYS */;
INSERT INTO `tb_sintomas` VALUES (1,'Febre'),(2,'Tosse Seca'),(3,'Cansaço'),(4,'Dores no corpo'),(5,'Dor de garganta'),(6,'Diarreia'),(7,'Conjutivite'),(8,'Dor de cabeça'),(9,'Perda de paladar ou olfato'),(10,'Dificuldade de respirar'),(11,'Dor ou pressão no peito'),(12,'Perda de fala ou movimento');
/*!40000 ALTER TABLE `tb_sintomas` ENABLE KEYS */;
UNLOCK TABLES;

--
-- Table structure for table `tb_usuario`
--

DROP TABLE IF EXISTS `tb_usuario`;
/*!40101 SET @saved_cs_client     = @@character_set_client */;
/*!50503 SET character_set_client = utf8mb4 */;
CREATE TABLE `tb_usuario` (
  `id_usuario` int(10) NOT NULL AUTO_INCREMENT,
  `id_emp` int(10) DEFAULT NULL,
  `ds_email` varchar(100) NOT NULL,
  `ds_senha` varchar(100) NOT NULL,
  `ds_nome` varchar(255) NOT NULL,
  `ds_cpf` varchar(11) NOT NULL,
  `dt_cadastro` datetime DEFAULT CURRENT_TIMESTAMP,
  `ds_telefone` varchar(14) NOT NULL,
  PRIMARY KEY (`id_usuario`),
  KEY `id_emp` (`id_emp`),
  CONSTRAINT `tb_usuario_ibfk_1` FOREIGN KEY (`id_emp`) REFERENCES `tb_empresa` (`id_emp`)
) ENGINE=InnoDB AUTO_INCREMENT=10102 DEFAULT CHARSET=latin1;
/*!40101 SET character_set_client = @saved_cs_client */;

--
-- Dumping data for table `tb_usuario`
--

LOCK TABLES `tb_usuario` WRITE;
/*!40000 ALTER TABLE `tb_usuario` DISABLE KEYS */;
INSERT INTO `tb_usuario` VALUES (10000,10010,'Nunc.mauris.elit@pedenonummyut.com','EHV75LCW4TG','Ariel','1025229801','2020-07-07 16:25:00','(702) 788-2492'),(10001,10006,'nonummy.ac@Aeneanegestashendrerit.org','KLL72JRI5OA','Delilah','1090645476','2020-07-07 16:25:00','(895) 562-2398'),(10002,10005,'odio.Phasellus.at@velitCras.co.uk','LWD73FOP8QZ','Charles','1090932921','2020-07-07 16:25:00','(407) 948-9320'),(10003,10005,'fringilla@acarcu.org','BLL66XQB1BB','Dane','1094762882','2020-07-07 16:25:00','(116) 324-2569'),(10004,10000,'nibh.Phasellus@nonummyFuscefermentum.edu','TFW70XYK0YW','Clarke','1011109036','2020-07-07 16:25:00','(759) 661-2415'),(10005,10009,'purus.accumsan@sodales.co.uk','BRT98XSF2GY','Jennifer','1040006350','2020-07-07 16:25:00','(115) 534-0086'),(10006,10005,'orci.Ut.semper@egetmollis.ca','IUF34OGM9HW','Brielle','1038192129','2020-07-07 16:25:00','(996) 425-4387'),(10007,10006,'hymenaeos.Mauris.ut@sitametrisus.edu','FNP97PKI1SU','Trevor','1031261363','2020-07-07 16:25:00','(529) 656-0570'),(10008,10002,'nec@nondui.com','IBQ19CLW1SV','Oscar','1066316193','2020-07-07 16:25:00','(673) 794-8978'),(10009,10006,'ac.turpis.egestas@erosnon.org','TLO32PFD8QA','Barrett','1009463663','2020-07-07 16:25:00','(664) 184-5220'),(10010,10006,'sodales@montes.net','CIB29EKT3BP','Jane','1036250708','2020-07-07 16:25:00','(526) 716-7077'),(10011,10005,'lorem@Aliquamadipiscinglobortis.org','CZR11SFY4OP','Olivia','1045661109','2020-07-07 16:25:00','(841) 764-3475'),(10012,10001,'nascetur@MorbivehiculaPellentesque.net','MUY77UOW4RK','Elmo','1076962474','2020-07-07 16:25:00','(401) 390-0932'),(10013,10008,'Etiam.bibendum@Duis.co.uk','XWF57GBU0CX','Denise','1044438941','2020-07-07 16:25:00','(273) 822-8461'),(10014,10000,'dapibus@ornarelectusjusto.ca','EEO54KRV9HU','Ivan','1053248543','2020-07-07 16:25:00','(174) 399-2358'),(10015,10000,'ornare.libero.at@velvenenatisvel.edu','DXF34EVN2HF','Erich','1094808378','2020-07-07 16:25:00','(255) 298-4886'),(10016,10008,'justo@vulputateullamcorper.co.uk','ESP29QZI5WA','Aquila','1040483148','2020-07-07 16:25:00','(696) 795-9177'),(10017,10000,'sit.amet@ornareegestas.org','QDD03VFL0MG','Yeo','1085454692','2020-07-07 16:25:00','(459) 624-3088'),(10018,10009,'eget@vitaepurus.ca','MMD72BSM8EU','Freya','1013224425','2020-07-07 16:25:00','(131) 572-4409'),(10019,10004,'mi.tempor@tortor.edu','UKM90HQB8TQ','Elliott','1007350003','2020-07-07 16:25:00','(180) 835-0470'),(10020,10008,'lectus@etultrices.co.uk','LTL60WNU1HW','Anjolie','1015658343','2020-07-07 16:25:00','(156) 601-3714'),(10021,10006,'at@Maurisvestibulum.org','EDM88NDO9UO','Kylee','1030592739','2020-07-07 16:25:00','(879) 677-6903'),(10022,10005,'ipsum@Inmipede.com','OES99BLY1AS','Joy','1042296328','2020-07-07 16:25:00','(240) 184-6086'),(10023,10001,'condimentum@Nullam.co.uk','DSK28AQK7GG','Hilel','1099629741','2020-07-07 16:25:00','(969) 309-3310'),(10024,10004,'nunc@Crassedleo.ca','DMU64QBA1VT','Andrew','1058234721','2020-07-07 16:25:00','(641) 936-4924'),(10025,10005,'felis.orci.adipiscing@sedpedenec.ca','VTN04LQJ3RP','Lucian','1054904884','2020-07-07 16:25:00','(302) 549-2164'),(10026,10005,'mus.Proin.vel@musDonec.com','UZU21DWP8HM','Reece','1025350794','2020-07-07 16:25:00','(847) 202-8158'),(10027,10005,'Nunc.quis@augueSed.edu','UXB09VGG2EM','Anjolie','1013175953','2020-07-07 16:25:00','(414) 156-3160'),(10028,10000,'diam.nunc@ligulatortor.org','QRE64ADA9NQ','Jena','1006796779','2020-07-07 16:25:00','(976) 400-2335'),(10029,10005,'tellus.sem.mollis@liberoestcongue.ca','PNG32LEJ2OE','Vincent','1069025465','2020-07-07 16:25:00','(739) 616-5776'),(10030,10000,'penatibus@lectusasollicitudin.edu','WVA89HYN9PI','Otto','1003500551','2020-07-07 16:25:00','(112) 172-2060'),(10031,10001,'ligula.Aenean@Duisdignissimtempor.net','YWD86JSY7ZC','Adam','1099169050','2020-07-07 16:25:00','(976) 526-1630'),(10032,10006,'semper.Nam@Quisqueporttitoreros.net','PUI58OTZ4VD','Miranda','1049776648','2020-07-07 16:25:00','(492) 253-6143'),(10033,10009,'dapibus.rutrum@convallis.edu','IQL24NTE3BQ','Macy','1016501907','2020-07-07 16:25:00','(412) 767-1221'),(10034,10008,'ut.nisi@luctus.co.uk','KCP31KQP2YH','Solomon','1024976197','2020-07-07 16:25:00','(332) 941-0482'),(10035,10008,'Proin@venenatis.co.uk','ZBN26TMF5IZ','Odessa','1048424297','2020-07-07 16:25:00','(940) 310-8079'),(10036,10002,'vulputate.posuere.vulputate@nonmassa.net','IOW43ILT5RZ','Malik','1034610705','2020-07-07 16:25:00','(346) 358-6793'),(10037,10006,'lorem.eget.mollis@massaQuisqueporttitor.co.uk','FSJ57CQO9VR','Branden','1026873553','2020-07-07 16:25:00','(853) 438-9407'),(10038,10007,'eget@fermentum.edu','SMU29XPW0IU','Nasim','1046298960','2020-07-07 16:25:00','(985) 877-3924'),(10039,10003,'In.at@ullamcorpernisl.co.uk','VCQ31ZNA2ZI','Elizabeth','1043285532','2020-07-07 16:25:00','(109) 540-4914'),(10040,10007,'ipsum.ac.mi@dapibus.edu','QWA15APZ8YO','Mollie','1089396215','2020-07-07 16:25:00','(332) 268-9955'),(10041,10004,'porta.elit.a@Vestibulumuteros.com','THK46FKH7MJ','Austin','1012178114','2020-07-07 16:25:00','(666) 109-3604'),(10042,10004,'fringilla@rutrummagnaCras.co.uk','HVA44UCH2SP','Cally','1046263649','2020-07-07 16:25:00','(383) 882-8435'),(10043,10009,'quis@Integertincidunt.ca','SQJ64RVH4XB','Morgan','1044791079','2020-07-07 16:25:00','(644) 730-9809'),(10044,10010,'erat.neque@Nuncmauris.edu','KYT56PZZ7LH','Robert','1088322588','2020-07-07 16:25:00','(258) 341-4275'),(10045,10006,'sociis.natoque@tempusmauriserat.ca','PAJ61LYJ7JK','Geraldine','1094883487','2020-07-07 16:25:00','(714) 575-3266'),(10046,10005,'mauris.Suspendisse@pellentesquemassa.edu','TMA66CBW4IR','Jeanette','1068921379','2020-07-07 16:25:00','(640) 471-6346'),(10047,10003,'Phasellus.libero@quisarcuvel.org','YSK14NFW4MI','Bianca','1010620992','2020-07-07 16:25:00','(217) 720-3885'),(10048,10007,'est@placeratorcilacus.net','XXV53FRU6BO','Laurel','1027229424','2020-07-07 16:25:00','(236) 739-1184'),(10049,10010,'vitae.mauris.sit@etpede.com','AEP03EOZ6WO','Victor','1046658251','2020-07-07 16:25:00','(740) 365-9297'),(10050,10001,'Phasellus.elit@Proinvel.ca','HAA98CBP8XD','Carson','1043562701','2020-07-07 16:25:00','(409) 784-0815'),(10051,10004,'semper.pretium@velturpisAliquam.co.uk','UPZ24DSD2JH','Cameron','1067966847','2020-07-07 16:25:00','(172) 618-4186'),(10052,10002,'mauris@lacusvestibulumlorem.com','QSS64QPL3OC','Jakeem','1029999957','2020-07-07 16:25:00','(677) 934-8264'),(10053,10007,'Sed.id@risus.com','JKZ43IWV0UP','Quon','1087704559','2020-07-07 16:25:00','(478) 378-1341'),(10054,10004,'erat.eget@semPellentesqueut.com','ABT73TXN4KB','Baxter','1076839301','2020-07-07 16:25:00','(418) 988-4521'),(10055,10006,'ante.Nunc@etmagnis.net','PSM59KSN9BW','Gay','1077899645','2020-07-07 16:25:00','(999) 119-2573'),(10056,10004,'Maecenas.malesuada.fringilla@risusDonecegestas.edu','BXR70QJP3UV','Armando','1014314464','2020-07-07 16:25:00','(242) 438-5666'),(10057,10003,'sed@sedhendrerita.ca','NOQ68RDC9KG','Kylee','1057110246','2020-07-07 16:25:00','(269) 214-4182'),(10058,10008,'magnis.dis.parturient@dictumProin.edu','THM48OZG2CH','Madonna','1024447740','2020-07-07 16:25:00','(637) 917-8719'),(10059,10007,'dis.parturient@Namacnulla.net','EFU61KNX6RJ','Guinevere','1078500481','2020-07-07 16:25:00','(730) 625-6671'),(10060,10006,'consectetuer.ipsum@mollis.edu','YRN28OST4CF','Raja','1040368689','2020-07-07 16:25:00','(390) 634-9687'),(10061,10008,'quis@ante.edu','SQG74KQD4UN','Xavier','1028380336','2020-07-07 16:25:00','(810) 160-8030'),(10062,10009,'augue@lectusCum.ca','RGH49WWN8KA','Jeanette','1084143362','2020-07-07 16:25:00','(615) 859-9320'),(10063,10006,'Suspendisse.aliquet@elit.co.uk','HAI78EIY4XD','Colby','1065167930','2020-07-07 16:25:00','(415) 899-5794'),(10064,10003,'Maecenas.malesuada@mollis.com','MCH26JUS1JA','Jasper','1073163336','2020-07-07 16:25:00','(232) 431-3570'),(10065,10000,'vulputate.eu.odio@sedpedenec.com','CWC18VKH8XE','George','1057146550','2020-07-07 16:25:00','(777) 293-9832'),(10066,10008,'euismod.urna@consectetueradipiscing.com','ABR17GYJ6EX','Hadley','1037748239','2020-07-07 16:25:00','(950) 164-2734'),(10067,10000,'ac.turpis@quismassaMauris.edu','FQQ20JSM9FV','Thomas','1054205536','2020-07-07 16:25:00','(384) 288-0762'),(10068,10006,'mauris@interdumCurabitur.org','DZS63MKM8HL','Alea','1037525730','2020-07-07 16:25:00','(135) 108-8098'),(10069,10010,'luctus.sit.amet@Nunccommodoauctor.ca','TBQ75MRV6RF','Winifred','1067917455','2020-07-07 16:25:00','(495) 498-4144'),(10070,10000,'congue.In@orci.co.uk','MFI76WRT0GP','Grant','1079059144','2020-07-07 16:25:00','(234) 421-8195'),(10071,10005,'egestas.lacinia@eleifend.com','TUK45XYJ4XA','Alice','1080790094','2020-07-07 16:25:00','(840) 804-4301'),(10072,10002,'mauris.sapien.cursus@nonarcuVivamus.net','EAP45ZKF3QN','Chaim','1067293948','2020-07-07 16:25:00','(737) 490-3570'),(10073,10002,'Curae.Phasellus.ornare@cursus.net','XDM87SSL1NF','Chester','1029195569','2020-07-07 16:25:00','(388) 305-7643'),(10074,10009,'et.eros@quisturpisvitae.co.uk','EXB24YTP9TT','Leila','1019851707','2020-07-07 16:25:00','(769) 866-6952'),(10075,10002,'erat.Etiam@velarcu.com','LGC43TBM7PY','Yasir','1022390747','2020-07-07 16:25:00','(416) 968-7932'),(10076,10007,'Proin@euerosNam.org','KNA53ZTN7KU','Thor','1052426721','2020-07-07 16:25:00','(850) 927-4788'),(10077,10005,'Morbi.non@Curabiturdictum.com','SZA04MEQ8UI','Laurel','1089284737','2020-07-07 16:25:00','(934) 694-2434'),(10078,10002,'dolor.Fusce.mi@congueturpis.ca','FBB84LOC9YD','Colton','1046762163','2020-07-07 16:25:00','(601) 899-1951'),(10079,10007,'Praesent@ligula.edu','COB74PSO2TH','Jayme','1077475216','2020-07-07 16:25:00','(704) 881-3750'),(10080,10009,'erat.Sed@lectussit.org','CRM80ICM4TD','Gail','1009697836','2020-07-07 16:25:00','(845) 355-2835'),(10081,10008,'semper@ac.com','GMO28WKX8XU','Karina','1085368515','2020-07-07 16:25:00','(954) 906-1682'),(10082,10005,'magna.Praesent.interdum@dictumeu.co.uk','GPN18GSI4NU','Gary','1029625633','2020-07-07 16:25:00','(910) 447-7029'),(10083,10009,'condimentum.Donec@fringilla.com','SFR79VYY5TH','September','1048115290','2020-07-07 16:25:00','(877) 558-7568'),(10084,10007,'sem@magnaNam.co.uk','JLS68OWT3NZ','Dolan','1000451391','2020-07-07 16:25:00','(871) 488-1357'),(10085,10003,'vel@at.edu','GIX78BOZ2KU','Nadine','1062786835','2020-07-07 16:25:00','(530) 282-5133'),(10086,10009,'dolor@ante.edu','YBT95WUN7JS','Portia','1034176761','2020-07-07 16:25:00','(338) 972-7133'),(10087,10001,'Quisque.ac@rhoncusid.ca','BFM79PGJ9KA','Astra','1034891005','2020-07-07 16:25:00','(815) 255-1649'),(10088,10001,'turpis@aliquamenimnec.edu','VEK44WLM2IY','Lilah','1080293571','2020-07-07 16:25:00','(241) 445-4307'),(10089,10002,'sagittis.Nullam@orci.ca','DQH27YZC8EA','Galvin','1030705714','2020-07-07 16:25:00','(164) 923-6173'),(10090,10000,'aliquam@Integervitae.co.uk','TOD89IWI3NS','Astra','1080132241','2020-07-07 16:25:00','(764) 963-1557'),(10091,10005,'cursus@Suspendisse.ca','AXF00QAW6HQ','Clarke','1056932673','2020-07-07 16:25:00','(835) 595-5345'),(10092,10006,'sapien@elitsed.ca','YCN19YEA9MS','Yoshio','1087154504','2020-07-07 16:25:00','(791) 602-1369'),(10093,10002,'ut@auctor.net','IRD87ANE5LB','Brent','1063365847','2020-07-07 16:25:00','(616) 570-0776'),(10094,10010,'a.magna@torquent.co.uk','DDO55AFY2OV','Kenyon','1090584181','2020-07-07 16:25:00','(685) 322-5353'),(10095,10002,'non.quam@sem.co.uk','YEA91HJC2GJ','Malcolm','1058546431','2020-07-07 16:25:00','(410) 760-9036'),(10096,10000,'arcu.Nunc.mauris@imperdietornareIn.org','GLM13TNA5HD','Isaiah','1087750736','2020-07-07 16:25:00','(721) 157-6546'),(10097,10004,'sapien.imperdiet@blanditat.net','QLQ86KCH5IY','Winter','1005729002','2020-07-07 16:25:00','(541) 199-6936'),(10098,10005,'eu.turpis@Utnecurna.ca','SEB91EKJ9LH','Jessamine','1095616349','2020-07-07 16:25:00','(809) 385-2422'),(10099,10003,'id.ante@Maurisnondui.edu','ZDD24HXO6SS','Tatum','1085054418','2020-07-07 16:25:00','(232) 653-4726'),(10100,10000,'email@email.com','senha123','jose','12345678910','2020-07-07 16:38:52','36423432'),(10101,10000,'email@email.com','123456','Lucas','12345678910','2020-07-07 16:39:39','12345678');
/*!40000 ALTER TABLE `tb_usuario` ENABLE KEYS */;
UNLOCK TABLES;
/*!40103 SET TIME_ZONE=@OLD_TIME_ZONE */;

/*!40101 SET SQL_MODE=@OLD_SQL_MODE */;
/*!40014 SET FOREIGN_KEY_CHECKS=@OLD_FOREIGN_KEY_CHECKS */;
/*!40014 SET UNIQUE_CHECKS=@OLD_UNIQUE_CHECKS */;
/*!40101 SET CHARACTER_SET_CLIENT=@OLD_CHARACTER_SET_CLIENT */;
/*!40101 SET CHARACTER_SET_RESULTS=@OLD_CHARACTER_SET_RESULTS */;
/*!40101 SET COLLATION_CONNECTION=@OLD_COLLATION_CONNECTION */;
/*!40111 SET SQL_NOTES=@OLD_SQL_NOTES */;

-- Dump completed on 2020-07-07 17:22:05
